Label,Prediction
[620.17498779],[616.6194]
[620.27502441],[618.8693]
[622.67498779],[621.5126]
[612.29998779],[624.0473]
[606.625],[623.29266]
[613.25],[619.6922]
[625.57501221],[617.55286]
[620.09997559],[620.0356]
[615.45001221],[622.8089]
[616.77502441],[623.42267]
[624.04998779],[623.0768]
[625.20001221],[624.33563]
[627.],[626.4767]
[636.22497559],[628.787]
[628.57501221],[632.7509]
[636.97497559],[634.60846]
[626.40002441],[636.79456]
[612.02502441],[636.1631]
[616.72497559],[630.7067]
[608.375],[625.7629]
[617.54998779],[620.9]
[623.34997559],[619.6118]
[629.42498779],[621.9387]
[638.72497559],[626.6581]
[629.72497559],[633.2792]
[619.70001221],[636.6307]
[623.92498779],[634.6874]
[620.29998779],[631.9028]
[623.875],[629.0645]
[629.70001221],[627.926]
[630.84997559],[629.4153]
[629.15002441],[631.9897]
[618.],[633.7666]
[624.70001221],[631.8133]
[603.67498779],[630.2224]
[592.95001221],[624.48083]
[597.65002441],[615.577]
[600.5],[609.02997]
[611.52502441],[606.42914]
[607.125],[608.93976]
[604.57501221],[611.99335]
[606.57501221],[613.36505]
[599.22497559],[613.8697]
[612.65002441],[612.14465]
[615.5],[612.9406]
[621.82501221],[615.70233]
[612.32501221],[619.9827]
[616.40002441],[621.3958]
[618.45001221],[621.74066]
[614.45001221],[622.21655]
[632.02502441],[621.7681]
[624.59997559],[625.2235]
[629.07501221],[628.0838]
[640.02502441],[630.5823]
[633.15002441],[634.99927]
[634.20001221],[637.5705]
[631.77502441],[638.574]
[639.29998779],[638.10706]
[649.32501221],[639.07263]
[645.82501221],[643.19104]
[661.72497559],[646.81476]
[661.42498779],[652.9287]
[660.22497559],[658.64166]
[675.45001221],[662.03516]
[671.65002441],[667.29407]
[683.57501221],[671.2942]
[671.875],[676.5004]
[668.92498779],[677.9338]
[670.42498779],[676.26025]
[682.25],[674.372]
[687.79998779],[676.4087]
[693.34997559],[681.377]
[685.72497559],[687.5683]
[696.32501221],[690.34753]
[707.45001221],[693.43365]
[708.84997559],[699.14014]
[706.54998779],[704.859]
[671.04998779],[708.0774]
[649.90002441],[699.51794]
[661.],[682.5821]
[652.02502441],[670.83]
[644.72497559],[663.4365]
[646.59997559],[658.02185]
[642.79998779],[655.2941]
[635.77502441],[653.54553]
[647.95001221],[650.7351]
[651.47497559],[651.11743]
[661.32501221],[653.8952]
[658.57501221],[659.2018]
[652.],[663.2751]
[646.34997559],[663.5543]
[647.42498779],[660.43567]
[644.67498779],[657.0685]
[644.72497559],[654.1074]
[649.22497559],[652.2026]
[647.32501221],[652.4674]
[647.95001221],[653.1803]
[641.57501221],[653.88165]
[653.67498779],[652.727]
[644.84997559],[654.018]
[659.45001221],[654.1046]
[657.29998779],[657.0091]
[657.67498779],[660.0746]
[654.20001221],[662.1626]
[655.75],[662.24567]
[657.75],[661.77466]
[657.625],[661.85333]
[665.59997559],[662.2035]
[664.79998779],[664.5968]
[660.27502441],[667.1189]
[665.75],[667.6401]
[665.59997559],[668.43384]
[662.47497559],[669.3001]
[667.25],[669.1305]
[647.07501221],[669.7434]
[643.40002441],[665.4604]
[631.17498779],[659.0026]
[636.40002441],[650.6855]
[641.09997559],[645.355]
[638.22497559],[644.36206]
[644.29998779],[644.81396]
[646.84997559],[646.97253]
[647.59997559],[649.8707]
[649.04998779],[652.314]
[657.],[654.0786]
[658.40002441],[657.0014]
[649.72497559],[660.0607]
[648.95001221],[659.95966]
[640.34997559],[658.0614]
[632.07501221],[653.9086]
[618.59997559],[647.8921]
[609.84997559],[639.5034]
[612.90002441],[630.3272]
[611.27502441],[624.2984]
[621.45001221],[621.18384]
[602.75],[622.5495]
[605.32501221],[620.99274]
[616.32501221],[618.48145]
[626.02502441],[619.01105]
[629.34997559],[623.31744]
[633.09997559],[628.85046]
[631.09997559],[633.98395]
[625.47497559],[636.8247]
[633.75],[636.28595]
[627.92498779],[636.3694]
[632.07501221],[635.62036]
[631.65002441],[635.60693]
[640.29998779],[635.97015]
[649.59997559],[638.5274]
[647.42498779],[643.82666]
[650.125],[648.3491]
[638.29998779],[651.65424]
[629.20001221],[650.52893]
[653.17498779],[645.3239]
[667.25],[645.9907]
[668.72497559],[653.43085]
[673.875],[662.10803]
[681.],[669.69135]
[675.5],[676.3399]
[665.],[679.30554]
[658.75],[676.9276]
[655.97497559],[671.3481]
[664.27502441],[665.6491]
[670.25],[664.05615]
[672.52502441],[666.5918]
[672.47497559],[670.7537]
[673.07501221],[674.2135]
[672.07501221],[676.3879]
[674.04998779],[677.128]
[678.17498779],[677.59326]
[680.02502441],[679.013]
[685.27502441],[681.0202]
[693.57501221],[684.0584]
[711.29998779],[688.9057]
[707.34997559],[697.9271]
[705.02502441],[705.1824]
[717.70001221],[708.43646]
[723.84997559],[712.4409]
[721.07501221],[717.72186]
[712.67498779],[721.2542]
[721.77502441],[720.50525]
[726.40002441],[720.7363]
[725.52502441],[723.13904]
[727.54998779],[725.62213]
[736.84997559],[727.88226]
[748.20001221],[732.07245]
[741.59997559],[739.2293]
[758.5],[743.61053]
[750.92498779],[749.9959]
[756.59997559],[753.4398]
[770.07501221],[755.9615]
[780.59997559],[761.5159]
[794.95001221],[769.98157]
[791.57501221],[781.2222]
[783.09997559],[788.9734]
[780.25],[789.8903]
[775.84997559],[786.93445]
[783.84997559],[782.5471]
[785.125],[781.8333]
[783.47497559],[783.6491]
[773.375],[785.38153]
[778.82501221],[783.4087]
[779.97497559],[782.2288]
[771.07501221],[782.5199]
[771.67498779],[780.6914]
[778.17498779],[778.65027]
[787.875],[779.35065]
[778.42498779],[784.0216]
[783.67498779],[785.9086]
[771.70001221],[787.2259]
[753.90002441],[784.4676]
[749.17498779],[775.5084]
[740.375],[765.69244]
[748.70001221],[756.6153]
[765.22497559],[753.3341]
[768.45001221],[758.5092]
[755.875],[766.41486]
[736.22497559],[768.6744]
[741.57501221],[761.6099]
[728.32501221],[754.54785]
[726.375],[746.5727]
[712.65002441],[740.0993]
[715.27502441],[732.4917]
[701.15002441],[727.35504]
[684.67498779],[721.0632]
[685.375],[711.38824]
[689.20001221],[703.3427]
[716.95001221],[699.71045]
[709.25],[706.51385]
[733.59997559],[713.73376]
[735.79998779],[724.6537]
[740.04998779],[734.5566]
[749.22497559],[741.67285]
[747.95001221],[747.8123]
[725.79998779],[751.3485]
[728.97497559],[746.20544]
[735.77502441],[739.7523]
[727.02502441],[737.41864]
[736.90002441],[735.41003]
[736.20001221],[736.74457]
[746.42498779],[739.09534]
[749.20001221],[743.90283]
[746.34997559],[749.1183]
[734.77502441],[751.87305]
[749.],[749.2288]
[757.04998779],[749.2051]
[748.67498779],[753.1588]
[749.70001221],[755.05725]
[749.22497559],[755.38776]
[734.70001221],[754.9466]
[732.67498779],[750.2255]
[733.90002441],[744.5584]
[735.375],[740.9855]
[759.47497559],[740.0261]
[762.52502441],[747.3514]
[750.77502441],[756.95593]
[734.04998779],[760.50446]
[722.82501221],[755.0517]
[725.34997559],[744.45557]
[726.22497559],[736.31726]
[721.90002441],[732.511]
[713.84997559],[730.4791]
[702.25],[727.31726]
[711.125],[721.251]
[705.34997559],[718.2667]
[696.15002441],[716.23676]
[718.84997559],[712.426]
[745.95001221],[715.0308]
[759.07501221],[727.50745]
[746.17498779],[744.07794]
[750.27502441],[752.948]
[744.90002441],[756.0945]
[769.15002441],[754.5804]
[765.09997559],[758.8178]
[753.32501221],[763.6098]
[752.45001221],[763.2454]
[755.97497559],[760.42334]
[782.27502441],[758.9508]
[804.92498779],[766.61273]
[820.875],[782.8116]
[824.67498779],[801.99615]
[839.25],[816.87213]
[830.20001221],[829.19324]
[871.40002441],[833.6843]
[873.25],[846.60236]
[874.90002441],[860.1187]
[891.40002441],[869.1836]
[897.875],[878.7766]
[887.25],[887.8943]
[889.59997559],[890.03687]
[896.15002441],[889.57446]
[907.75],[891.2229]
[907.70001221],[897.6002]
[922.92498779],[903.67816]
[933.59997559],[912.67645]
[935.04998779],[923.552]
[911.34997559],[931.6091]
[922.70001221],[926.9863]
[907.],[923.5063]
[909.90002441],[917.1531]
[916.75],[913.2374]
[890.45001221],[914.60223]
[888.72497559],[908.27057]
[868.20001221],[900.6089]
[858.90002441],[888.83386]
[889.47497559],[876.8829]
[914.72497559],[880.0682]
[921.],[896.91895]
[919.40002441],[914.4907]
[953.95001221],[924.41394]
[973.54998779],[939.6343]
[1016.59997559],[958.80164]
[1028.42504883],[987.72986]
[1000.54998779],[1013.6435]
[1034.55004883],[1016.56573]
[995.375],[1022.80426]
[994.40002441],[1013.86847]
[993.95001221],[1002.6529]
[996.90002441],[996.37885]
[983.95001221],[996.2189]
[976.875],[993.5193]
[951.27502441],[988.35815]
[973.72497559],[975.0666]
[977.25],[973.1125]
[983.15002441],[977.9932]
[975.15002441],[985.10077]
[977.54998779],[986.7738]
[969.75],[986.4727]
[979.52502441],[982.8121]
[971.45001221],[983.0985]
[974.04998779],[981.825]
[963.90002441],[981.23505]
[974.52502441],[977.4327]
[1012.29998779],[977.98444]
[1016.79998779],[994.5523]
[1044.875],[1012.1537]
[1030.72497559],[1033.1019]
[1045.42504883],[1041.1118]
[1040.],[1046.5233]
[1061.02502441],[1047.2233]
[1106.375],[1054.5549]
[1107.69995117],[1080.2065]
[1054.22497559],[1101.9962]
[1060.32495117],[1089.4586]
[1035.82495117],[1073.431]
[1044.67504883],[1055.0427]
[1030.57495117],[1047.9534]
[1004.34997559],[1042.4646]
[1033.875],[1029.0364]
[1031.97497559],[1030.765]
[1034.90002441],[1036.8384]
[1045.97497559],[1042.3052]
[1056.02502441],[1049.4751]
[1048.80004883],[1058.2169]
[1021.],[1060.5996]
[1045.55004883],[1048.1348]
[1060.97497559],[1045.9927]
[1045.42504883],[1055.4232]
[1047.32495117],[1058.0829]
[1043.57495117],[1057.4879]
[1024.5],[1054.9479]
[1013.09997559],[1045.282]
[1022.],[1032.8702]
[1014.95001221],[1028.854]
[1011.79998779],[1026.9102]
[993.29998779],[1024.9358]
[1000.42498779],[1016.44586]
[1006.625],[1012.0234]
[996.84997559],[1013.6331]
[993.22497559],[1012.64]
[992.29998779],[1009.31006]
[1002.17498779],[1006.21106]
[1006.95001221],[1008.32117]
[1010.40002441],[1013.2169]
[1000.02502441],[1018.0988]
[993.57501221],[1016.6772]
[1000.15002441],[1010.9309]
[1002.42498779],[1008.8159]
[1041.375],[1009.966]
[1029.02502441],[1026.8732]
[1014.45001221],[1037.6423]
[1000.90002441],[1034.9448]
[1009.57501221],[1023.4152]
[1022.67498779],[1017.6449]
[1027.90002441],[1021.96387]
[1040.75],[1029.9413]
[1060.27502441],[1040.5903]
[1054.52502441],[1055.4832]
[1055.34997559],[1063.1561]
[1050.15002441],[1064.9586]
[1080.32495117],[1062.0657]
[1078.02502441],[1071.4254]
[1086.02502441],[1080.4224]
[1076.65002441],[1088.1395]
[1083.5],[1088.2223]
[1111.09997559],[1088.6344]
[1119.80004883],[1101.1539]
[1103.07495117],[1116.1617]
[1116.32495117],[1117.6061]
[1120.97497559],[1119.4647]
[1140.44995117],[1123.4008]
[1184.375],[1134.8091]
[1163.375],[1163.0862]
[1176.80004883],[1174.471]
[1175.15002441],[1180.1973]
[1106.52502441],[1181.4915]
[1169.09997559],[1149.69]
[1140.15002441],[1151.252]
[1137.02502441],[1151.3049]
[1126.22497559],[1148.235]
[1124.34997559],[1141.2767]
[1114.80004883],[1135.8898]
[1106.17504883],[1129.602]
[1104.90002441],[1122.173]
[1108.80004883],[1117.3724]
[1120.52502441],[1117.4286]
[1097.22497559],[1124.0686]
[1075.67504883],[1119.5061]
[1097.19995117],[1103.6968]
[1087.625],[1101.1248]
[1072.19995117],[1100.4661]
[1046.77502441],[1093.5475]
[1050.84997559],[1076.91]
[1052.72497559],[1066.5112]
[1066.875],[1064.0267]
[1083.94995117],[1070.8691]
[1082.69995117],[1084.6987]
[1083.],[1093.9558]
[1098.97497559],[1097.2174]
[1094.67504883],[1103.7509]
[1102.84997559],[1106.8157]
[1088.94995117],[1110.4733]
[1094.44995117],[1106.8666]
[1091.07495117],[1104.6948]
[1137.875],[1102.9386]
[1120.02502441],[1122.2052]
[1120.32495117],[1132.4011]
[1125.94995117],[1134.0055]
[1120.375],[1134.921]
[1114.25],[1133.0762]
[1071.32495117],[1128.4474]
[1075.82495117],[1106.465]
[1089.72497559],[1091.0919]
[1074.77502441],[1091.6824]
[1069.77502441],[1090.6984]
[1061.],[1086.8893]
[1019.70001221],[1080.2786]
[1054.09997559],[1058.5314]
[1063.5],[1055.5061]
[1076.30004883],[1064.6405]
[1073.32495117],[1078.3087]
[1046.75],[1085.7584]
[1047.125],[1076.3591]
[1051.05004883],[1065.5188]
[1066.57495117],[1061.1934]
[1088.34997559],[1067.3392]
[1086.125],[1083.2006]
[1083.25],[1094.2233]
[1069.42504883],[1097.0139]
[1076.90002441],[1090.0785]
[1070.19995117],[1086.3291]
[1063.07495117],[1082.9537]
[1082.05004883],[1078.0721]
[1126.375],[1082.856]
[1098.15002441],[1107.7853]
[1111.44995117],[1116.3232]
[1110.875],[1120.0182]
[1110.52502441],[1120.9264]
[1106.875],[1120.4004]
[1106.875],[1118.1086]
[1102.625],[1116.349]
[1095.67504883],[1113.8884]
[1097.125],[1109.3871]
[1094.59997559],[1107.0275]
[1104.22497559],[1105.5614]
[1106.84997559],[1109.1733]
[1099.44995117],[1114.0143]
[1082.77502441],[1113.6641]
[1081.02502441],[1104.4807]
[1079.94995117],[1095.9723]
[1079.67504883],[1091.4468]
[1105.47497559],[1090.1277]
[1108.05004883],[1101.2992]
[1096.57495117],[1112.7834]
[1080.375],[1113.7084]
[1018.34997559],[1103.6292]
[1034.09997559],[1068.599]
[1041.42504883],[1048.1733]
[1055.97497559],[1045.7623]
[1063.94995117],[1055.834]
[1077.],[1068.4875]
[1065.72497559],[1081.4498]
[1075.27502441],[1084.017]
[1079.97497559],[1085.5353]
[1070.67504883],[1088.2751]
[1064.92504883],[1086.1776]
[1064.30004883],[1080.7494]
[1044.625],[1076.5315]
[1052.07495117],[1066.6002]
[1042.125],[1062.1703]
[1056.90002441],[1057.8486]
[1079.07495117],[1061.3044]
[1103.47497559],[1075.1858]
[1118.67504883],[1096.5441]
[1106.77502441],[1117.1332]
[1134.875],[1122.7477]
[1139.92504883],[1132.5566]
[1113.52502441],[1142.185]
[1138.02502441],[1135.3887]
[1146.19995117],[1136.9788]
[1134.42504883],[1145.1708]
[1154.52502441],[1146.2838]
[1155.27502441],[1153.4265]
[1153.82495117],[1160.1279]
[1199.77502441],[1162.7388]
[1212.69995117],[1183.8091]
[1195.375],[1207.3296]
[1200.80004883],[1211.5311]
[1208.94995117],[1209.8986]
[1205.25],[1211.8914]
[1244.27502441],[1212.5403]
[1224.72497559],[1230.9922]
[1199.07495117],[1236.8961]
[1175.90002441],[1223.0735]
[1197.22497559],[1199.8573]
[1213.125],[1196.3885]
[1199.65002441],[1208.6754]
[1200.92504883],[1212.8774]
[1190.97497559],[1212.7711]
[1220.59997559],[1207.1837]
[1231.875],[1216.8331]
[1266.19995117],[1232.0901]
[1293.07495117],[1257.5087]
[1297.59997559],[1286.561]
[1302.875],[1304.0045]
[1294.65002441],[1311.3752]
[1297.52502441],[1308.0977]
[1290.02502441],[1305.2086]
[1258.19995117],[1300.6871]
[1263.02502441],[1282.1681]
[1261.84997559],[1272.3445]
[1253.32495117],[1270.4716]
[1234.90002441],[1267.616]
[1239.34997559],[1256.8506]
[1234.19995117],[1251.8186]
[1235.875],[1248.8658]
[1250.02502441],[1248.6327]
[1249.875],[1256.1787]
[1243.80004883],[1262.0286]
[1219.25],[1261.0724]
[1218.09997559],[1246.5717]
[1216.22497559],[1235.07]
[1232.09997559],[1229.8513]
[1261.02502441],[1236.6987]
[1266.90002441],[1257.6974]
[1274.97497559],[1275.1118]
[1261.17504883],[1286.1444]
[1268.57495117],[1282.8835]
[1268.94995117],[1280.7804]
[1303.19995117],[1280.7493]
[1292.375],[1298.4441]
[1299.30004883],[1306.9069]
[1321.34997559],[1311.2032]
[1315.625],[1323.8007]
[1300.07495117],[1329.4417]
[1299.17504883],[1321.7336]
[1303.80004883],[1314.1482]
[1279.15002441],[1313.523]
[1275.42504883],[1302.5822]
[1295.59997559],[1292.5361]
[1321.15002441],[1298.8413]
[1357.09997559],[1319.6177]
[1360.90002441],[1351.8002]
[1344.09997559],[1371.8696]
[1321.5],[1368.2181]
[1354.30004883],[1348.04]
[1342.],[1352.1791]
[1383.97497559],[1354.7909]
[1368.30004883],[1377.2319]
[1387.80004883],[1385.0242]
[1365.67504883],[1394.4935]
[1341.59997559],[1387.861]
[1353.02502441],[1367.4182]
[1339.25],[1361.3944]
[1358.27502441],[1355.7046]
[1349.59997559],[1363.1289]
[1349.59997559],[1365.6892]
[1339.05004883],[1365.2578]
[1220.57495117],[1358.8927]
[1211.65002441],[1292.1707]
[1216.69995117],[1242.0577]
[1225.92504883],[1227.477]
[1228.57495117],[1234.0443]
[1239.30004883],[1243.72]
[1253.02502441],[1254.1753]
[1279.09997559],[1266.1567]
[1303.92504883],[1285.03]
[1295.17504883],[1308.3522]
[1299.75],[1316.1128]
[1286.42504883],[1316.9534]
[1284.82495117],[1308.908]
[1290.34997559],[1301.7806]
[1295.875],[1301.8575]
[1294.22497559],[1306.9506]
[1303.22497559],[1309.9988]
[1309.15002441],[1315.5076]
[1292.92504883],[1322.0723]
[1286.875],[1317.0543]
[1302.72497559],[1308.1757]
[1311.07495117],[1311.326]
[1328.84997559],[1320.5533]
[1318.],[1335.3358]
[1313.65002441],[1338.0267]
[1326.65002441],[1333.2375]
[1321.5],[1335.9333]
[1346.47497559],[1336.7139]
[1328.65002441],[1349.2526]
[1317.67504883],[1349.1327]
[1318.97497559],[1339.3295]
[1289.47497559],[1333.2944]
[1256.40002441],[1316.4852]
[1257.42504883],[1288.6497]
[1253.94995117],[1273.7234]
[1246.07495117],[1268.9569]
[1225.34997559],[1265.2805]
[1179.32495117],[1253.373]
[1221.52502441],[1222.8225]
[1222.05004883],[1223.0206]
[1230.34997559],[1232.8889]
[1255.27502441],[1243.4496]
[1256.69995117],[1260.624]
[1258.34997559],[1271.7926]
[1239.94995117],[1275.7753]
[1252.5],[1266.5049]
[1261.44995117],[1264.1752]
[1265.02502441],[1269.924]
[1279.125],[1276.682]
[1272.77502441],[1287.1307]
[1289.72497559],[1290.2646]
[1270.125],[1297.9974]
[1223.30004883],[1293.5234]
[1208.84997559],[1264.1333]
[1221.90002441],[1236.2509]
[1256.15002441],[1230.4001]
[1254.84997559],[1250.5217]
[1248.94995117],[1266.9934]
[1260.97497559],[1270.257]
[1269.55004883],[1273.8643]
[1266.07495117],[1280.18]
[1255.5],[1281.996]
[1250.22497559],[1275.951]
[1256.90002441],[1268.1246]
[1256.77502441],[1267.3441]
[1251.80004883],[1269.0618]
[1251.02502441],[1268.0001]
[1269.80004883],[1266.3041]
[1272.32495117],[1274.7529]
[1241.02502441],[1283.1976]
[1257.09997559],[1271.3414]
[1279.125],[1267.5763]
[1257.15002441],[1279.7749]
[1276.19995117],[1279.1327]
[1287.875],[1283.9524]
[1256.44995117],[1294.3097]
[1220.57495117],[1284.9078]
[1229.94995117],[1256.5325]
[1231.07495117],[1242.7913]
[1269.375],[1241.5247]
[1292.40002441],[1262.8313]
[1317.82495117],[1291.3108]
[1340.52502441],[1319.5138]
[1337.77502441],[1344.3944]
[1348.32495117],[1353.6187]
[1352.375],[1358.5742]
[1336.09997559],[1362.0928]
[1328.22497559],[1354.7086]
[1331.17504883],[1344.2533]
[1334.69995117],[1340.8236]
[1388.],[1343.4502]
[1373.],[1374.7178]
[1348.22497559],[1389.188]
[1323.40002441],[1376.7849]
[1321.34997559],[1351.1783]
[1303.27502441],[1335.8021]
[1309.52502441],[1322.4005]
[1291.17504883],[1319.8699]
[1281.15002441],[1312.3322]
[1291.84997559],[1302.1348]
[1279.67504883],[1302.4252]
[1298.125],[1299.3802]
[1305.47497559],[1306.0105]
[1308.57495117],[1315.8]
[1295.65002441],[1322.5359]
[1286.875],[1318.0522]
[1256.55004883],[1308.269]
[1257.40002441],[1287.0801]
[1282.07495117],[1274.482]
[1276.97497559],[1283.7825]
[1271.32495117],[1291.8751]
[1273.65002441],[1292.0074]
[1292.5],[1291.1128]
[1320.69995117],[1300.1035]
[1332.27502441],[1321.5471]
[1326.875],[1341.0114]
[1327.75],[1346.319]
[1313.875],[1345.0752]
[1291.40002441],[1335.7277]
[1237.42504883],[1317.5345]
[1214.40002441],[1279.2693]
[1213.52502441],[1244.8716]
[1222.55004883],[1230.0486]
[1228.625],[1232.7518]
[1246.52502441],[1241.612]
[1250.09997559],[1256.015]
[1247.5],[1266.2811]
[1243.65002441],[1268.3206]
[1231.84997559],[1264.7056]
[1240.77502441],[1255.3594]
[1258.92504883],[1253.2999]
[1231.52502441],[1263.3988]
[1272.625],[1258.333]
[1263.625],[1271.0236]
[1278.],[1278.8813]
[1261.44995117],[1287.6665]
[1257.69995117],[1284.2136]
[1249.625],[1276.924]
[1255.57495117],[1268.6798]
[1260.19995117],[1267.4569]
[1256.34997559],[1271.2999]
[1278.52502441],[1272.5723]
[1277.75],[1283.3269]
[1308.94995117],[1291.1018]
[1300.5],[1309.2255]
[1304.42504883],[1316.8135]
[1307.625],[1318.746]
[1304.75],[1319.9244]
[1305.15002441],[1318.8499]
[1308.875],[1317.8881]
[1299.94995117],[1319.5317]
[1305.44995117],[1316.5437]
[1302.82495117],[1316.6882]
[1287.92504883],[1316.5779]
[1288.72497559],[1308.7458]
[1280.82495117],[1303.3872]
[1300.375],[1297.8507]
[1285.65002441],[1305.0857]
[1252.90002441],[1304.7306]
[1252.40002441],[1285.342]
[1256.],[1270.835]
[1256.90002441],[1267.7097]
[1265.02502441],[1269.709]
[1274.77502441],[1275.8956]
[1295.75],[1284.8983]
[1287.30004883],[1300.4579]
[1285.15002441],[1305.5236]
[1275.],[1303.393]
[1296.40002441],[1295.4236]
[1296.44995117],[1300.8964]
[1275.47497559],[1307.6792]
[1296.55004883],[1300.2275]
[1288.875],[1303.3849]
[1301.94995117],[1304.6691]
[1316.65002441],[1311.0355]
[1308.125],[1323.2339]
[1297.55004883],[1326.1587]
[1261.25],[1319.1863]
[1237.17504883],[1294.7976]
[1254.77502441],[1266.6031]
[1249.75],[1261.5952]
[1272.875],[1263.4364]
[1270.09997559],[1277.128]
[1282.19995117],[1285.8354]
[1289.57495117],[1294.175]
[1280.69995117],[1301.8586]
[1264.02502441],[1300.6458]
[1244.30004883],[1288.8475]
[1252.57495117],[1270.4435]
[1248.52502441],[1264.1512]
[1251.02502441],[1262.8817]
[1253.375],[1264.6595]
[1240.32495117],[1267.5914]
[1255.375],[1262.9058]
[1254.80004883],[1265.7216]
[1254.44995117],[1269.2659]
[1273.57495117],[1270.6494]
[1286.65002441],[1280.0549]
[1276.02502441],[1293.5751]
[1286.05004883],[1295.6681]
[1302.09997559],[1298.0841]
[1335.84997559],[1307.815]
[1317.80004883],[1331.7732]
[1351.59997559],[1337.8466]
[1342.375],[1352.4841]
[1370.44995117],[1357.6761]
[1366.80004883],[1371.78]
[1343.42504883],[1379.2427]
[1338.07495117],[1367.9056]
[1289.32495117],[1355.0679]
[1283.57495117],[1323.7435]
[1288.375],[1301.8066]
[1287.32495117],[1297.5773]
[1285.42504883],[1299.7938]
[1282.02502441],[1301.3243]
[1268.69995117],[1300.0538]
[1295.90002441],[1291.8754]
[1302.80004883],[1299.7219]
[1273.72497559],[1311.6616]
[1269.875],[1303.027]
[1270.15002441],[1290.8595]
[1274.875],[1284.8745]
[1272.69995117],[1286.2054]
[1276.],[1287.7267]
[1275.82495117],[1290.0651]
[1268.625],[1291.4683]
[1275.17504883],[1288.281]
[1275.625],[1288.7542]
[1275.52502441],[1290.4454]
[1263.40002441],[1291.4209]
[1266.32495117],[1285.5696]
[1290.19995117],[1282.2622]
[1296.84997559],[1293.6156]
[1294.125],[1306.6528]
[1294.02502441],[1311.492]
[1322.30004883],[1311.268]
[1355.82495117],[1324.3281]
[1350.],[1351.815]
[1326.97497559],[1365.4127]
[1316.90002441],[1354.9706]
[1314.82495117],[1338.5021]
[1296.30004883],[1328.9253]
[1299.27502441],[1316.9551]
[1241.84997559],[1312.2551]
[1233.875],[1282.9344]
[1236.],[1258.4324]
[1244.375],[1250.1543]
[1263.375],[1254.6654]
[1265.],[1269.421]
[1268.57495117],[1280.0476]
[1268.27502441],[1285.2772]
[1265.55004883],[1285.9694]
[1264.55004883],[1283.4745]
[1247.67504883],[1280.7344]
[1247.59997559],[1270.9308]
[1258.67504883],[1264.0782]
[1271.72497559],[1267.4276]
[1266.90002441],[1278.5386]
[1241.32495117],[1283.6406]
[1252.875],[1271.4366]
[1235.67504883],[1266.3882]
[1229.07495117],[1258.1234]
[1198.69995117],[1249.5686]
[1187.30004883],[1230.6871]
[1195.27502441],[1212.9385]
[1175.72497559],[1208.6193]
[1181.27502441],[1201.1355]
[1199.17504883],[1198.4597]
[1195.52502441],[1207.0073]
[1183.97497559],[1212.819]
[1172.77502441],[1208.8859]
[1176.67504883],[1198.5092]
[1186.77502441],[1193.1346]
[1180.94995117],[1196.6334]
[1182.59997559],[1198.1824]
[1175.375],[1198.7178]
[1164.19995117],[1195.371]
[1159.90002441],[1187.2118]
[1164.5],[1179.5884]
[1183.82495117],[1178.033]
[1192.27502441],[1187.9205]
[1193.],[1200.3546]
[1189.22497559],[1207.4474]
[1187.92504883],[1207.4403]
[1204.19995117],[1204.6255]
[1219.875],[1210.0062]
[1208.40002441],[1222.7235]
[1223.19995117],[1225.7249]
[1202.52502441],[1230.9015]
[1212.90002441],[1224.7415]
[1217.125],[1222.8988]
[1231.34997559],[1225.7821]
[1227.90002441],[1235.3284]
[1209.15002441],[1240.428]
[1218.42504883],[1232.3633]
[1208.19995117],[1228.956]
[1184.80004883],[1224.2535]
[1174.47497559],[1210.125]
[1190.80004883],[1195.4294]
[1185.625],[1195.9069]
[1198.80004883],[1198.4218]
[1181.17504883],[1205.9575]
[1163.52502441],[1203.1082]
[1139.59997559],[1189.9209]
[1139.40002441],[1169.2688]
[1130.55004883],[1156.5365]
[1138.82495117],[1148.5892]
[1139.65002441],[1149.3048]
[1140.05004883],[1152.6775]
[1127.25],[1155.1478]
[1147.875],[1150.2915]
[1152.32495117],[1154.422]
[1159.875],[1161.715]
[1165.59997559],[1169.4684]
[1195.65002441],[1176.0903]
[1201.34997559],[1192.778]
[1199.05004883],[1207.4888]
[1208.15002441],[1212.8967]
[1210.02502441],[1216.9716]
[1210.97497559],[1219.8739]
[1181.47497559],[1221.4669]
[1140.69995117],[1208.0258]
[1134.40002441],[1177.6793]
[1098.97497559],[1155.0375]
[1113.30004883],[1130.481]
[1134.57495117],[1123.3038]
[1132.77502441],[1134.5747]
[1137.77502441],[1145.0946]
[1157.92504883],[1151.8866]
[1159.82495117],[1163.1232]
[1157.94995117],[1171.2833]
[1132.],[1173.1732]
[1105.47497559],[1160.2513]
[1106.42504883],[1136.8733]
[1105.25],[1122.1699]
[1088.40002441],[1117.0364]
[1138.32495117],[1109.7837]
[1159.42504883],[1126.6019]
[1186.57495117],[1153.3625]
[1178.77502441],[1182.3085]
[1177.15002441],[1194.5447]
[1178.625],[1194.2698]
[1174.15002441],[1191.1414]
[1182.625],[1186.8259]
[1177.5],[1188.169]
[1164.94995117],[1188.4805]
[1163.52502441],[1182.4734]
[1176.02502441],[1176.9879]
[1212.92504883],[1180.4957]
[1223.125],[1202.3469]
[1236.55004883],[1224.1381]
[1236.90002441],[1240.9626]
[1236.69995117],[1248.0662]
[1234.69995117],[1248.4958]
[1244.75],[1245.896]
[1260.15002441],[1248.7511]
[1226.94995117],[1259.5581]
[1235.625],[1251.0065]
[1231.375],[1245.1163]
[1240.94995117],[1241.9154]
[1235.40002441],[1245.8221]
[1216.02502441],[1247.2766]
[1253.32495117],[1237.7208]
[1259.07495117],[1248.0521]
[1263.09997559],[1262.4998]
[1259.875],[1272.1224]
[1225.17504883],[1273.7156]
[1212.19995117],[1255.1178]
[1208.52502441],[1234.0336]
[1225.625],[1221.9952]
[1244.90002441],[1227.1244]
[1255.55004883],[1244.0397]
[1263.875],[1260.8909]
[1267.75],[1273.055]
[1263.34997559],[1279.5488]
[1239.05004883],[1278.881]
[1239.],[1264.4442]
[1235.15002441],[1253.5552]
[1236.69995117],[1247.9777]
[1256.27502441],[1247.5781]
[1261.44995117],[1258.5537]
[1259.15002441],[1269.9658]
[1283.09997559],[1274.2714]
[1261.69995117],[1286.1497]
[1275.57495117],[1283.7616]
[1285.09997559],[1284.8667]
[1275.55004883],[1291.7324]
[1278.47497559],[1291.7712]
[1264.65002441],[1291.098]
[1245.72497559],[1283.9623]
[1233.84997559],[1269.2765]
[1263.22497559],[1254.4957]
[1274.34997559],[1262.2115]
[1286.32495117],[1278.2184]
[1318.19995117],[1293.7792]
[1284.69995117],[1317.0737]
[1316.77502441],[1313.5532]
[1325.07495117],[1319.7888]
[1314.77502441],[1330.7502]
[1306.25],[1331.434]
[1315.57495117],[1324.2527]
[1306.55004883],[1323.9753]
[1288.625],[1321.5189]
[1277.875],[1310.4138]
[1273.5],[1297.5946]
[1267.42504883],[1289.3488]
[1278.42504883],[1283.846]
[1279.15002441],[1287.5304]
[1301.30004883],[1292.3049]
[1329.65002441],[1305.815]
[1325.59997559],[1329.2567]
[1333.82495117],[1340.859]
[1322.67504883],[1346.599]
[1286.97497559],[1342.0436]
[1247.92504883],[1318.453]
[1231.97497559],[1282.542]
[1251.44995117],[1255.2065]
[1276.55004883],[1254.9529]
[1250.42504883],[1274.9812]
[1247.09997559],[1277.0126]
[1242.65002441],[1270.5648]
[1214.90002441],[1263.3911]
[1213.30004883],[1246.0952]
[1232.07495117],[1233.7152]
[1232.47497559],[1238.3579]
[1246.55004883],[1245.6792]
[1260.94995117],[1256.3215]
[1222.67504883],[1269.5669]
[1216.72497559],[1257.9781]
[1233.09997559],[1241.6503]
[1247.47497559],[1240.9224]
[1253.02502441],[1252.248]
[1257.55004883],[1263.6893]
[1279.47497559],[1271.2632]
[1276.30004883],[1284.6621]
[1288.77502441],[1291.503]
[1309.625],[1298.7206]
[1309.65002441],[1313.012]
[1354.125],[1321.901]
[1349.59997559],[1347.1052]
[1328.15002441],[1361.7333]
[1326.],[1353.4624]
[1324.55004883],[1342.3772]
[1324.75],[1336.5157]
[1325.09997559],[1335.4978]
[1337.69995117],[1336.575]
[1354.94995117],[1344.3462]
[1369.22497559],[1359.0109]
[1345.84997559],[1375.1277]
[1312.27502441],[1370.1415]
[1319.27502441],[1344.0087]
[1301.75],[1330.787]
[1274.34997559],[1319.689]
[1300.52502441],[1300.605]
[1286.02502441],[1303.2839]
[1275.52502441],[1303.6216]
[1262.47497559],[1297.1628]
[1250.27502441],[1285.8186]
[1272.07495117],[1273.1417]
[1255.65002441],[1277.6962]
[1253.75],[1276.6796]
[1257.40002441],[1273.0208]
[1242.02502441],[1272.5474]
[1220.27502441],[1265.6907]
[1161.05004883],[1249.6486]
[1176.22497559],[1210.7511]
[1179.52502441],[1192.606]
[1164.22497559],[1191.9092]
[1163.47497559],[1188.9026]
[1180.84997559],[1185.7809]
[1205.72497559],[1192.2236]
[1203.25],[1209.893]
[1206.69995117],[1220.861]
[1189.],[1225.2316]
[1199.05004883],[1217.038]
[1200.55004883],[1213.5646]
[1218.05004883],[1214.2544]
[1211.52502441],[1223.8318]
[1218.90002441],[1228.2665]
[1215.40002441],[1232.0645]
[1205.84997559],[1232.3334]
[1202.57495117],[1226.7607]
[1193.17504883],[1220.6677]
[1194.375],[1213.145]
[1183.90002441],[1209.4445]
[1190.15002441],[1203.8427]
[1164.44995117],[1203.1619]
[1183.09997559],[1192.357]
[1181.22497559],[1192.0903]
[1200.09997559],[1194.6705]
[1197.55004883],[1205.0896]
[1200.57495117],[1211.5458]
[1214.32495117],[1214.5468]
[1213.84997559],[1221.4751]
[1199.22497559],[1225.992]
[1198.125],[1220.2887]
[1209.05004883],[1213.7441]
[1199.34997559],[1215.7357]
[1175.],[1214.8464]
[1152.02502441],[1201.763]
[1159.72497559],[1180.9156]
[1165.27502441],[1172.0345]
[1138.52502441],[1174.0056]
[1141.59997559],[1165.7438]
[1084.92504883],[1159.2657]
[1077.72497559],[1131.4463]
[1050.57495117],[1106.8275]
[1060.65002441],[1083.7617]
[1094.80004883],[1075.7076]
[1068.59997559],[1090.3644]
[1062.55004883],[1094.3798]
[1066.44995117],[1089.2494]
[1067.5],[1085.183]
[1078.17504883],[1083.7697]
[1094.22497559],[1087.9448]
[1150.17504883],[1098.5833]
[1141.30004883],[1130.1339]
[1129.92504883],[1150.9138]
[1138.02502441],[1152.2704]
[1131.72497559],[1150.252]
[1110.92504883],[1145.9774]
[1093.],[1133.7872]
[1091.17504883],[1116.9941]
[1077.27502441],[1106.2306]
[1097.875],[1096.7698]
[1097.625],[1100.7697]
[1104.09997559],[1107.4165]
[1100.15002441],[1114.1285]
[1103.80004883],[1115.936]
[1129.65002441],[1116.6255]
[1141.32495117],[1127.7847]
[1144.44995117],[1142.3846]
[1169.65002441],[1152.1962]
[1156.80004883],[1166.794]
[1153.84997559],[1170.5814]
[1144.05004883],[1167.3082]
[1146.55004883],[1159.3285]
[1161.69995117],[1155.0817]
[1156.69995117],[1161.238]
[1175.84997559],[1165.6487]
[1182.77502441],[1175.8777]
[1180.67504883],[1186.6008]
[1184.125],[1191.2181]
[1189.75],[1193.2443]
[1167.19995117],[1196.3262]
[1140.69995117],[1187.874]
[1151.84997559],[1167.6597]
[1157.67504883],[1159.2576]
[1162.19995117],[1161.8185]
[1172.17504883],[1168.3451]
[1124.65002441],[1177.3337]
[1129.27502441],[1161.1394]
[1139.375],[1146.6805]
[1147.55004883],[1145.1722]
[1145.5],[1152.0004]
[1142.67504883],[1156.9011]
[1153.34997559],[1157.3195]
[1159.17504883],[1160.9666]
[1176.5],[1166.7192]
[1178.90002441],[1178.0918]
[1166.44995117],[1186.9286]
[1114.90002441],[1184.7615]
[1083.94995117],[1156.7052]
[1103.82495117],[1120.6702]
[1116.27502441],[1109.1537]
[1120.375],[1116.5781]
[1122.30004883],[1127.7042]
[1135.47497559],[1135.2068]
[1158.65002441],[1143.7281]
[1198.97497559],[1158.9401]
[1207.125],[1187.1981]
[1203.125],[1209.9376]
[1206.84997559],[1217.3339]
[1223.875],[1217.8906]
[1203.94995117],[1224.5073]
[1251.09997559],[1220.6184]
[1232.67504883],[1237.6848]
[1205.75],[1244.7933]
[1240.90002441],[1231.5891]
[1244.92504883],[1236.4471]
[1233.125],[1247.3396]
[1239.77502441],[1248.2572]
[1250.72497559],[1248.88]
[1247.02502441],[1254.9581]
[1236.25],[1257.8239]
[1249.90002441],[1252.7949]
[1256.09997559],[1254.8262]
[1259.875],[1261.3329]
[1271.125],[1267.5083]
[1283.75],[1275.9414]
[1249.15002441],[1287.1329]
[1260.44995117],[1276.061]
[1262.875],[1269.7114]
[1240.],[1270.1599]
[1243.34997559],[1260.895]
[1239.47497559],[1255.1862]
[1230.17504883],[1252.133]
[1213.59997559],[1246.8816]
[1206.02502441],[1235.6549]
[1214.97497559],[1224.9207]
[1222.30004883],[1224.3389]
[1220.5],[1230.6262]
[1215.90002441],[1234.668]
[1205.84997559],[1233.5801]
[1200.625],[1226.723]
[1200.02502441],[1219.1578]
[1214.52502441],[1215.0052]
[1211.125],[1220.8267]
[1209.65002441],[1225.1377]
[1196.625],[1225.8062]
[1164.32495117],[1218.936]
[1157.42504883],[1198.0422]
[1154.40002441],[1180.2789]
[1149.57495117],[1171.2928]
[1162.75],[1167.0187]
[1155.40002441],[1171.9849]
[1164.05004883],[1174.0134]
[1155.75],[1177.6294]
[1155.17504883],[1176.2517]
[1151.32495117],[1173.3727]
[1136.57495117],[1169.6351]
[1144.94995117],[1160.5985]
[1168.65002441],[1157.8229]
[1165.05004883],[1169.1858]
[1160.25],[1177.846]
[1171.22497559],[1178.694]
[1176.27502441],[1181.6678]
[1166.22497559],[1186.433]
[1174.72497559],[1184.6587]
[1180.32495117],[1185.3749]
[1182.55004883],[1189.3644]
[1214.57495117],[1193.3658]
[1227.67504883],[1210.1858]
[1268.09997559],[1229.215]
[1253.57495117],[1258.4155]
[1265.67504883],[1269.3839]
[1260.84997559],[1274.4011]
[1279.57495117],[1273.3094]
[1312.30004883],[1280.3042]
[1289.125],[1302.8809]
[1286.42504883],[1306.6494]
[1275.55004883],[1301.0444]
[1273.30004883],[1291.0297]
[1276.80004883],[1284.277]
[1282.44995117],[1284.083]
[1301.97497559],[1288.8328]
[1348.],[1302.4297]
[1307.625],[1335.107]
[1260.80004883],[1335.1414]
[1253.5],[1300.7501]
[1243.59997559],[1272.528]
[1225.77502441],[1257.0596]
[1235.09997559],[1244.2485]
[1205.59997559],[1243.3282]
[1199.84997559],[1232.1726]
[1215.84997559],[1220.7438]
[1222.5],[1223.1499]
[1203.15002441],[1231.6373]
[1197.42504883],[1227.9227]
[1180.84997559],[1219.3536]
[1171.42504883],[1206.1119]
[1175.02502441],[1193.6359]
[1166.625],[1189.3193]
[1181.17504883],[1185.704]
[1186.80004883],[1190.5038]
[1183.42504883],[1198.2689]
[1178.],[1201.3053]
[1173.77502441],[1198.6796]
[1165.97497559],[1193.6592]
[1217.47497559],[1186.8029]
[1237.90002441],[1206.4806]
[1219.72497559],[1234.8536]
[1223.19995117],[1242.4844]
[1198.72497559],[1240.9792]
[1197.72497559],[1226.3904]
[1204.17504883],[1214.7195]
[1224.80004883],[1213.2523]
[1222.34997559],[1225.3665]
[1245.59997559],[1234.2964]
[1265.34997559],[1248.5564]
[1285.75],[1267.1505]
[1278.],[1287.48]
[1240.84997559],[1293.873]
[1242.15002441],[1273.938]
[1245.90002441],[1257.5369]
[1250.82495117],[1253.3966]
[1236.90002441],[1257.3168]
[1244.72497559],[1254.5582]
[1261.40002441],[1255.0344]
[1251.72497559],[1264.8385]
[1251.52502441],[1267.5636]
[1256.],[1266.3076]
[1255.72497559],[1266.9583]
[1248.02502441],[1267.7676]
[1234.69995117],[1264.2863]
[1246.17504883],[1254.766]
[1242.82495117],[1254.1808]
[1256.90002441],[1255.1884]
[1264.40002441],[1262.8165]
[1248.77502441],[1272.3269]
[1244.72497559],[1269.6461]
[1248.30004883],[1262.657]
[1243.65002441],[1260.187]
[1235.42504883],[1258.1636]
[1242.27502441],[1253.1495]
[1248.17504883],[1253.2523]
[1228.22497559],[1257.9207]
[1228.09997559],[1251.6853]
[1242.17504883],[1245.1918]
[1226.59997559],[1249.1991]
[1230.05004883],[1246.7258]
[1235.30004883],[1244.8375]
[1227.22497559],[1246.9111]
[1244.22497559],[1245.1552]
[1244.59997559],[1251.2032]
[1243.47497559],[1256.8989]
[1253.02502441],[1258.7164]
[1249.52502441],[1263.1122]
[1249.125],[1264.4484]
[1246.77502441],[1263.835]
[1262.44995117],[1261.9082]
[1251.80004883],[1268.3644]
[1255.375],[1268.8674]
[1237.32495117],[1268.815]
[1247.5],[1260.0056]
[1238.22497559],[1258.14]
[1217.97497559],[1255.0801]
[1224.22497559],[1243.0734]
[1221.15002441],[1237.6873]
[1214.80004883],[1235.8585]
[1223.32495117],[1232.6876]
[1227.05004883],[1234.6993]
[1229.625],[1239.1006]
[1250.17504883],[1242.9999]
[1274.09997559],[1254.57]
[1279.30004883],[1274.3136]
[1292.19995117],[1288.8022]
[1297.27502441],[1300.3068]
[1293.30004883],[1307.6581]
[1291.94995117],[1307.9304]
[1293.94995117],[1305.3934]
[1289.19995117],[1304.7045]
[1279.94995117],[1302.7275]
[1269.42504883],[1296.8364]
[1292.15002441],[1287.8447]
[1308.09997559],[1294.513]
[1312.],[1310.5818]
[1301.42504883],[1322.5143]
[1313.07495117],[1321.2465]
[1310.05004883],[1322.923]
[1332.77502441],[1323.3352]
[1355.02502441],[1334.7052]
[1367.5],[1354.8737]
[1368.19995117],[1373.0503]
[1354.375],[1380.972]
[1379.47497559],[1374.336]
[1357.30004883],[1381.1045]
[1352.65002441],[1376.4094]
[1373.32495117],[1368.3092]
[1353.65002441],[1375.5577]
[1351.72497559],[1372.6744]
[1336.47497559],[1367.3075]
[1340.32495117],[1356.6251]
[1340.625],[1352.6292]
[1344.02502441],[1353.0703]
[1342.92504883],[1356.1661]
[1342.65002441],[1357.6935]
[1329.07495117],[1357.792]
[1318.5],[1350.318]
[1314.97497559],[1339.3079]
[1316.17504883],[1331.7416]
[1317.77502441],[1330.0029]
[1316.65002441],[1331.6393]
[1308.625],[1332.7012]
[1300.75],[1328.8671]
[1330.55004883],[1321.7179]
[1306.07495117],[1333.0715]
[1314.19995117],[1331.0193]
[1278.90002441],[1329.8542]
[1272.80004883],[1311.865]
[1290.25],[1295.5913]
[1287.65002441],[1297.901]
[1294.47497559],[1302.8802]
[1297.84997559],[1308.9377]
[1323.375],[1313.8611]
[1324.72497559],[1328.8407]
[1309.94995117],[1339.4896]
[1313.47497559],[1335.055]
[1350.59997559],[1330.5007]
[1322.80004883],[1348.0343]
[1315.59997559],[1347.8933]
[1319.32495117],[1338.2632]
[1328.55004883],[1333.8329]
[1344.59997559],[1338.3406]
[1357.19995117],[1351.1987]
[1354.5],[1365.9447]
[1403.30004883],[1371.5867]
[1395.25],[1397.6106]
[1388.17504883],[1411.0398]
[1373.05004883],[1408.7373]
[1425.42504883],[1395.4745]
[1444.47497559],[1415.7878]
[1459.09997559],[1444.8038]
[1479.65002441],[1467.082]
[1558.19995117],[1486.4717]
[1551.],[1539.6853]
[1587.30004883],[1566.6947]
[1560.52502441],[1591.2883]
[1599.42504883],[1584.6758]
[1576.42504883],[1598.1521]
[1556.17504883],[1594.6475]
[1569.30004883],[1576.1047]
[1576.82495117],[1574.6794]
[1551.59997559],[1583.3683]
[1498.625],[1573.0015]
[1477.52502441],[1532.0715]
[1487.09997559],[1497.7849]
[1485.84997559],[1492.7777]
[1483.65002441],[1496.7457]
[1455.90002441],[1498.7765]
[1462.92504883],[1482.9617]
[1466.52502441],[1476.7382]
[1461.80004883],[1479.1823]
[1472.375],[1479.3743]
[1521.15002441],[1485.0509]
[1525.09997559],[1517.5101]
[1537.90002441],[1540.0632]
[1515.84997559],[1553.754]
[1521.17504883],[1544.2806]
[1517.52502441],[1538.2986]
[1518.84997559],[1535.3315]
[1552.92504883],[1535.7621]
[1521.40002441],[1557.579]
[1513.72497559],[1552.4698]
[1501.97497559],[1539.0258]
[1517.05004883],[1525.6332]
[1526.07495117],[1529.5936]
[1443.40002441],[1540.7021]
[1443.44995117],[1496.8918]
[1434.84997559],[1466.831]
[1412.84997559],[1454.4503]
[1415.5],[1440.421]
[1432.42504883],[1435.4801]
[1428.375],[1445.4476]
[1415.67504883],[1450.8917]
[1409.07495117],[1444.421]
[1408.5],[1434.9552]
[1423.84997559],[1429.9708]
[1424.57495117],[1437.4688]
[1454.82495117],[1444.1548]
[1455.625],[1463.4941]
[1455.44995117],[1475.643]
[1478.97497559],[1478.3542]
[1475.15002441],[1490.6865]
[1461.94995117],[1496.2638]
[1468.80004883],[1488.7677]
[1507.07495117],[1486.5356]
[1569.625],[1509.5795]
[1576.65002441],[1562.2734]
[1593.82495117],[1594.9203]
[1583.30004883],[1612.252]
[1579.55004883],[1608.8905]
[1595.57495117],[1600.1058]
[1701.22497559],[1605.6901]
[1704.32495117],[1677.9078]
[1692.82495117],[1722.2645]
[1735.125],[1722.1477]
[1769.625],[1740.6406]
[1725.97497559],[1774.7458]
[1766.05004883],[1758.6638]
[1749.875],[1769.535]
[1740.92504883],[1768.4285]
[1740.375],[1758.437]
[1710.47497559],[1753.3802]
[1720.59997559],[1732.2856]
[1744.65002441],[1729.2527]
[1725.625],[1748.7614]
[1728.47497559],[1746.3015]
[1716.77502441],[1742.8312]
[1741.19995117],[1734.2258]
[1746.94995117],[1747.1555]
[1745.90002441],[1759.9819]
[1751.02502441],[1763.2646]
[1778.375],[1766.3505]
[1754.44995117],[1786.6536]
[1747.55004883],[1780.3876]
[1801.84997559],[1768.3123]
[1792.90002441],[1801.9028]
[1751.02502441],[1815.7987]
[1761.75],[1786.3326]
[1757.05004883],[1777.1075]
[1741.05004883],[1775.8865]
[1732.44995117],[1765.6693]
[1744.25],[1755.0714]
[1721.59997559],[1760.3218]
[1725.75],[1749.8197]
[1735.55004883],[1746.1566]
[1747.09997559],[1753.6151]
[1749.69995117],[1766.1162]
[1781.],[1772.9202]
[1824.09997559],[1795.5145]
[1787.55004883],[1836.0138]
[1840.05004883],[1826.5503]
[1829.],[1850.054]
[1824.5],[1856.9034]
[1822.44995117],[1851.4292]
[1819.34997559],[1846.2988]
[1809.80004883],[1842.6868]
[1819.25],[1834.9531]
[1852.],[1838.58]
[1858.],[1865.2612]
[1842.69995117],[1881.5619]
[1847.75],[1872.7749]
[1851.34997559],[1869.1981]
[1874.05004883],[1871.849]
[1866.15002441],[1889.7852]
[1880.30004883],[1891.8269]
[1912.94995117],[1899.4491]
[1883.],[1926.8093]
[1875.09997559],[1915.8177]
[1979.90002441],[1899.5006]
[1971.34997559],[1972.0823]
[1981.09997559],[2001.9514]
[1989.19995117],[2007.7886]
[2002.15002441],[2012.0299]
[2000.25],[2022.4883]
[1981.40002441],[2024.1692]
[1996.59997559],[2008.0316]
[2005.65002441],[2012.6417]
[1999.],[2024.1847]
[1981.5],[2022.4294]
[1964.69995117],[2006.0895]
[1943.75],[1986.861]
[1944.59997559],[1965.6815]
[1940.19995117],[1960.8268]
[1976.5],[1959.2026]
[1948.40002441],[1987.0474]
[1979.44995117],[1978.303]
[1975.55004883],[1993.4976]
[1967.34997559],[1999.5366]
[1974.],[1993.0511]
[1974.34997559],[1994.93]
[1993.09997559],[1997.5471]
[2000.15002441],[2012.8195]
[2003.55004883],[2024.5692]
[2008.5],[2029.615]
[2012.75],[2033.8392]
[2009.94995117],[2038.1709]
[2017.65002441],[2037.0353]
[2035.09997559],[2041.7695]
[2043.],[2057.4512]
[2050.89990234],[2068.974]
[2069.19995117],[2076.943]
[2072.],[2092.523]
[2082.39990234],[2099.3389]
[2078.39990234],[2107.2554]
[2052.89990234],[2105.8152]
[2098.89990234],[2083.2383]
[2079.25],[2111.2612]
[2075.30004883],[2109.7112]
[2079.85009766],[2100.5808]
[2080.75],[2101.4636]
[2046.25],[2103.7136]
[2043.94995117],[2076.5876]
[2065.39990234],[2064.252]
[2074.14990234],[2081.2063]
[2070.75],[2096.395]
[2077.89990234],[2096.8433]
[2103.14990234],[2100.7708]
[2198.44995117],[2122.7017]
[2183.19995117],[2206.8098]
[2142.14990234],[2222.9988]
[2188.85009766],[2181.2705]
[2183.69995117],[2203.0051]
[2255.55004883],[2212.457]
[2162.85009766],[2270.277]
[2064.80004883],[2211.6306]
[2102.64990234],[2101.1038]
[2077.55004883],[2104.779]
[2091.80004883],[2100.619]
[2043.59997559],[2108.713]
[1979.94995117],[2074.664]
[1918.30004883],[2011.0911]
[1949.5],[1945.8665]
[1962.30004883],[1955.6003]
[1929.40002441],[1980.2047]
[1913.19995117],[1964.2258]
[1903.],[1942.931]
[1843.65002441],[1930.805]
[1848.5],[1886.0004]
[1853.],[1873.0343]
[1799.09997559],[1879.6741]
[1871.],[1846.3943]
[1894.80004883],[1882.3635]
[1938.15002441],[1924.0735]
[1935.75],[1968.0902]
[1913.44995117],[1979.8124]
[1890.84997559],[1960.3689]
[1932.69995117],[1932.8315]
[1942.15002441],[1954.9141]
[1909.19995117],[1976.3433]
[1914.84997559],[1956.133]
[1934.94995117],[1947.4718]
[1880.65002441],[1962.2925]
[1872.84997559],[1928.6799]
[1886.59997559],[1904.6499]
[1902.44995117],[1910.3165]
[1878.25],[1927.8782]
[1812.],[1916.1035]
[1812.55004883],[1858.6393]
[1846.09997559],[1835.5903]
[1890.25],[1859.6459]
[1983.90002441],[1906.2167]
[1960.55004883],[1991.8055]
[1968.25],[2006.2942]
[1982.40002441],[2001.6211]
[2010.84997559],[2008.3491]
[2006.75],[2033.0367]
[1992.69995117],[2038.5109]
[1995.19995117],[2025.0045]
[1975.80004883],[2020.3082]
[2000.],[2005.3298]
[2016.80004883],[2017.9459]
[1982.59997559],[2038.3732]
[1989.75],[2017.3307]
[1994.30004883],[2010.5525]
[1987.84997559],[2014.9985]
[1968.44995117],[2012.2208]
[1954.05004883],[1995.1077]
[1895.80004883],[1977.6122]
[1918.5],[1929.0266]
[1889.19995117],[1929.1483]
[1908.94995117],[1916.0387]
[1896.05004883],[1924.8876]
[1893.05004883],[1922.4976]
[1902.80004883],[1917.9735]
[1923.30004883],[1924.4515]
[1899.94995117],[1943.8231]
[1876.84997559],[1934.3529]
[1897.90002441],[1909.8501]
[1893.55004883],[1917.006]
[1886.94995117],[1921.7643]
[1888.55004883],[1917.5624]
[1842.55004883],[1916.5203]
[1813.25],[1883.3496]
[1867.80004883],[1847.3225]
[1870.15002441],[1876.9471]
[1894.30004883],[1899.0336]
[1900.65002441],[1920.6852]
[1908.69995117],[1931.9302]
[1901.90002441],[1938.9043]
[1875.59997559],[1934.8865]
[1901.55004883],[1912.0233]
[1920.80004883],[1921.4116]
[1955.],[1944.0168]
[1982.75],[1977.2606]
[1981.40002441],[2008.7703]
[2014.09997559],[2015.3412]
[2029.94995117],[2037.0286]
[2050.25],[2057.0789]
[2044.55004883],[2076.396]
[2074.80004883],[2075.8313]
[2082.89990234],[2095.2896]
[2061.39990234],[2109.0142]
[2065.89990234],[2092.9207]
[2051.60009766],[2087.419]
[2044.59997559],[2076.0762]
[2029.69995117],[2066.0999]
[1970.30004883],[2051.903]
[1904.80004883],[2000.921]
[1914.75],[1932.7147]
[1914.19995117],[1922.3087]
[1925.65002441],[1928.9385]
[1985.15002441],[1942.0515]
